id,season,episode,episodeTitle,foodName,province,city,regionText,category,description,imageUrl,imageAlt,audioUrl,sourceName,sourceUrl,sourceStatus,locationConfidence
s1e1-songrong,1,1,自然的馈赠,松茸,云南省,香格里拉市,云南香格里拉,食材,《舌尖上的中国》第一季第一集涉及的山野菌类食材。,,"松茸",,维基百科《舌尖上的中国》,https://zh.wikipedia.org/wiki/舌尖上的中国,listed,high
s1e1-dongsun,1,1,自然的馈赠,冬笋,浙江省,遂昌县,浙江遂昌,食材,第一季第一集涉及的时令笋类食材。,,"冬笋",,维基百科《舌尖上的中国》,https://zh.wikipedia.org/wiki/舌尖上的中国,listed,high
s1e1-suanxun-xiaohuangyu,1,1,自然的馈赠,黄豆酸笋小黄鱼,广西壮族自治区,,广西,菜肴,第一季第一集涉及的酸笋与小黄鱼菜肴。,,"黄豆酸笋小黄鱼",,维基百科《舌尖上的中国》,https://zh.wikipedia.org/wiki/舌尖上的中国,listed,high
s1e1-nuodeng-ham,1,1,自然的馈赠,诺邓火腿,云南省,大理白族自治州,云南大理诺邓,腌腊,第一季第一集涉及的云南诺邓传统火腿。,,"诺邓火腿",,维基百科《舌尖上的中国》,https://zh.wikipedia.org/wiki/舌尖上的中国,listed,high
s1e1-lianou,1,1,自然的馈赠,莲藕,湖北省,嘉鱼县,湖北嘉鱼,食材,第一季第一集涉及的水生蔬菜食材。,,"莲藕",,维基百科《舌尖上的中国》,https://zh.wikipedia.org/wiki/舌尖上的中国,listed,high
s1e1-chaganhu-fish,1,1,自然的馈赠,查干湖冬季捕鱼,吉林省,松原市,吉林查干湖,食材,第一季第一集涉及的冬捕鱼获场景。,,"查干湖冬季捕鱼",,维基百科《舌尖上的中国》,https://zh.wikipedia.org/wiki/舌尖上的中国,listed,high
s1e1-nanhai-fish,1,1,自然的馈赠,南海远洋打渔,海南省,,南海,食材,第一季第一集涉及的远洋海产获取场景。,,"南海远洋打渔",,维基百科《舌尖上的中国》,https://zh.wikipedia.org/wiki/舌尖上的中国,listed,medium
s1e2-xiangfen-noodles,1,2,主食的故事,襄汾面食,山西省,襄汾县,山西襄汾,主食,第一季第二集涉及的山西面食。,,"襄汾面食",,维基百科《舌尖上的中国》,https://zh.wikipedia.org/wiki/舌尖上的中国,listed,high
s1e2-huangmomo,1,2,主食的故事,黄馍馍,陕西省,绥德县,陕西绥德,主食,第一季第二集涉及的糜子面馒头。,,"黄馍馍",,维基百科《舌尖上的中国》,https://zh.wikipedia.org/wiki/舌尖上的中国,listed,high
s1e2-nang,1,2,主食的故事,馕,新疆维吾尔自治区,库车市,新疆库车,主食,第一季第二集涉及的新疆烤制主食。,,"馕",,维基百科《舌尖上的中国》,https://zh.wikipedia.org/wiki/舌尖上的中国,listed,high
s1e2-liping-rice-noodle,1,2,主食的故事,米粉,贵州省,黎平县,贵州黎平,主食,第一季第二集涉及的贵州米粉。,,"米粉",,维基百科《舌尖上的中国》,https://zh.wikipedia.org/wiki/舌尖上的中国,listed,high
s1e2-shahefen,1,2,主食的故事,沙河粉,广东省,广州市,广东广州,主食,第一季第二集涉及的广州河粉。,,"沙河粉",,维基百科《舌尖上的中国》,https://zh.wikipedia.org/wiki/舌尖上的中国,listed,high
s1e2-roujiamo,1,2,主食的故事,肉夹馍,陕西省,西安市,陕西西安,主食,第一季第二集涉及的西安街头主食。,,"肉夹馍",,维基百科《舌尖上的中国》,https://zh.wikipedia.org/wiki/舌尖上的中国,listed,high
s1e2-paomo,1,2,主食的故事,泡馍,陕西省,西安市,陕西西安,主食,第一季第二集涉及的西安泡馍。,,"泡馍",,维基百科《舌尖上的中国》,https://zh.wikipedia.org/wiki/舌尖上的中国,listed,high
s1e2-lanzhou-beef-noodle,1,2,主食的故事,兰州牛肉面,甘肃省,兰州市,甘肃兰州,主食,第一季第二集涉及的兰州牛肉面。,,"兰州牛肉面",,维基百科《舌尖上的中国》,https://zh.wikipedia.org/wiki/舌尖上的中国,listed,high
s1e2-zhushengmian,1,2,主食的故事,竹升面,广东省,广州市,广东广州,主食,第一季第二集涉及的广州竹升面。,,"竹升面",,维基百科《舌尖上的中国》,https://zh.wikipedia.org/wiki/舌尖上的中国,listed,high
s1e2-wonton-noodle,1,2,主食的故事,云吞捞面,广东省,广州市,广东广州,主食,第一季第二集涉及的广州云吞捞面。,,"云吞捞面",,维基百科《舌尖上的中国》,https://zh.wikipedia.org/wiki/舌尖上的中国,listed,high
s1e2-saozi-noodle,1,2,主食的故事,臊子面,陕西省,岐山县,陕西岐山,主食,第一季第二集涉及的岐山臊子面。,,"臊子面",,维基百科《舌尖上的中国》,https://zh.wikipedia.org/wiki/舌尖上的中国,listed,high
s1e2-zongzi,1,2,主食的故事,粽子,浙江省,嘉兴市,浙江嘉兴,主食,第一季第二集涉及的嘉兴粽子。,,"粽子",,维基百科《舌尖上的中国》,https://zh.wikipedia.org/wiki/舌尖上的中国,listed,high
s1e2-niangao,1,2,主食的故事,年糕,浙江省,宁波市,浙江宁波,主食,第一季第二集涉及的宁波年糕。,,"年糕",,维基百科《舌尖上的中国》,https://zh.wikipedia.org/wiki/舌尖上的中国,listed,high
s1e2-jiaozi,1,2,主食的故事,饺子,,,年夜饭,主食,第一季第二集涉及的年夜饭饺子。,,"饺子",,维基百科《舌尖上的中国》,https://zh.wikipedia.org/wiki/舌尖上的中国,listed,low
s1e3-jianshui-tofu,1,3,转化的灵感,建水烧豆腐,云南省,建水县,云南建水,发酵,第一季第三集涉及的云南烧豆腐。,,"建水烧豆腐",,维基百科《舌尖上的中国》,https://zh.wikipedia.org/wiki/舌尖上的中国,listed,high
s1e3-shiping-tofu,1,3,转化的灵感,石屏豆腐,云南省,石屏县,云南石屏,发酵,第一季第三集涉及的石屏豆腐。,,"石屏豆腐",,维基百科《舌尖上的中国》,https://zh.wikipedia.org/wiki/舌尖上的中国,listed,high
s1e3-shouxian-tofu,1,3,转化的灵感,嫩豆腐,安徽省,寿县,安徽寿县,豆制品,第一季第三集涉及的寿县嫩豆腐。,,"嫩豆腐",,维基百科《舌尖上的中国》,https://zh.wikipedia.org/wiki/舌尖上的中国,listed,high
s1e3-milk-tofu,1,3,转化的灵感,奶豆腐,内蒙古自治区,锡林郭勒盟,内蒙古锡林郭勒,乳制品,第一季第三集涉及的草原乳制品。,,"奶豆腐",,维基百科《舌尖上的中国》,https://zh.wikipedia.org/wiki/舌尖上的中国,listed,high
s1e3-milk-tea,1,3,转化的灵感,奶茶,内蒙古自治区,锡林郭勒盟,内蒙古锡林郭勒,饮品,第一季第三集涉及的草原奶茶。,,"奶茶",,维基百科《舌尖上的中国》,https://zh.wikipedia.org/wiki/舌尖上的中国,listed,high
s1e3-maodoufu,1,3,转化的灵感,毛豆腐,安徽省,休宁县,安徽休宁,发酵,第一季第三集涉及的徽州毛豆腐。,,"毛豆腐",,维基百科《舌尖上的中国》,https://zh.wikipedia.org/wiki/舌尖上的中国,listed,high
s1e3-rice-wine,1,3,转化的灵感,米酒,安徽省,休宁县,安徽休宁,饮品,第一季第三集涉及的米酒。,,"米酒",,维基百科《舌尖上的中国》,https://zh.wikipedia.org/wiki/舌尖上的中国,listed,medium
s1e3-huangjiu,1,3,转化的灵感,黄酒,浙江省,绍兴市,浙江绍兴,饮品,第一季第三集涉及的绍兴黄酒。,,"黄酒",,维基百科《舌尖上的中国》,https://zh.wikipedia.org/wiki/舌尖上的中国,listed,high
s1e3-soy-sauce,1,3,转化的灵感,酱油,浙江省,绍兴市,浙江绍兴,调味,第一季第三集涉及的酱油酿造。,,"酱油",,维基百科《舌尖上的中国》,https://zh.wikipedia.org/wiki/舌尖上的中国,listed,medium
s1e3-dajiang,1,3,转化的灵感,大酱,黑龙江省,依兰县,黑龙江依兰,发酵,第一季第三集涉及的东北大酱。,,"大酱",,维基百科《舌尖上的中国》,https://zh.wikipedia.org/wiki/舌尖上的中国,listed,high
s1e3-sauerkraut,1,3,转化的灵感,酸菜,黑龙江省,依兰县,黑龙江依兰,腌制,第一季第三集涉及的东北酸菜。,,"酸菜",,维基百科《舌尖上的中国》,https://zh.wikipedia.org/wiki/舌尖上的中国,listed,high
s1e4-claypot-rice,1,4,时间的味道,煲仔饭,广东省,,广东,主食,第一季第四集涉及的广东煲仔饭。,,"煲仔饭",,维基百科《舌尖上的中国》,https://zh.wikipedia.org/wiki/舌尖上的中国,listed,medium
s1e4-nanan-duck,1,4,时间的味道,南安腊鸭,广东省,,广东南安,腌腊,第一季第四集涉及的腊鸭。,,"南安腊鸭",,维基百科《舌尖上的中国》,https://zh.wikipedia.org/wiki/舌尖上的中国,listed,medium
s1e4-yan-hehua-fish,1,4,时间的味道,腌禾花鱼,湖南省,靖州苗族侗族自治县,湖南靖州,腌制,第一季第四集涉及的靖州腌禾花鱼。,,"腌禾花鱼",,维基百科《舌尖上的中国》,https://zh.wikipedia.org/wiki/舌尖上的中国,listed,high
s1e4-larou,1,4,时间的味道,腊肉,湖南省,靖州苗族侗族自治县,湖南靖州,腌腊,第一季第四集涉及的湖南腊肉。,,"腊肉",,维基百科《舌尖上的中国》,https://zh.wikipedia.org/wiki/舌尖上的中国,listed,high
s1e4-chouguiyu,1,4,时间的味道,臭鳜鱼,安徽省,黄山市,安徽徽州,发酵,第一季第四集涉及的徽州臭鳜鱼。,,"臭鳜鱼",,维基百科《舌尖上的中国》,https://zh.wikipedia.org/wiki/舌尖上的中国,listed,high
s1e4-daobanxiang,1,4,时间的味道,刀板香火腿,安徽省,黄山市,安徽徽州,腌腊,第一季第四集涉及的徽州刀板香。,,"刀板香火腿",,维基百科《舌尖上的中国》,https://zh.wikipedia.org/wiki/舌尖上的中国,listed,high
s1e4-jinhua-ham,1,4,时间的味道,金华火腿,浙江省,金华市,浙江金华,腌腊,第一季第四集涉及的金华火腿。,,"金华火腿",,维基百科《舌尖上的中国》,https://zh.wikipedia.org/wiki/舌尖上的中国,listed,high
s1e4-drunken-crab,1,4,时间的味道,醉蟹,上海市,上海市,上海,腌制,第一季第四集涉及的上海醉蟹。,,"醉蟹",,维基百科《舌尖上的中国》,https://zh.wikipedia.org/wiki/舌尖上的中国,listed,high
s1e4-xiapu-zicai,1,4,时间的味道,紫菜,福建省,霞浦县,福建霞浦,食材,第一季第四集涉及的霞浦紫菜。,,"紫菜",,维基百科《舌尖上的中国》,https://zh.wikipedia.org/wiki/舌尖上的中国,listed,high
s1e4-wuyuzi,1,4,时间的味道,乌鱼子,台湾省,云林县,台湾云林,腌制,第一季第四集涉及的台湾乌鱼子。,,"乌鱼子",,维基百科《舌尖上的中国》,https://zh.wikipedia.org/wiki/舌尖上的中国,listed,high
s1e4-shrimp-paste,1,4,时间的味道,虾膏,香港特别行政区,香港,大澳,调味,第一季第四集涉及的香港大澳虾膏。,,"虾膏",,维基百科《舌尖上的中国》,https://zh.wikipedia.org/wiki/舌尖上的中国,listed,high
s1e4-shrimp-sauce,1,4,时间的味道,虾酱,香港特别行政区,香港,大澳,调味,第一季第四集涉及的香港大澳虾酱。,,"虾酱",,维基百科《舌尖上的中国》,https://zh.wikipedia.org/wiki/舌尖上的中国,listed,high
s1e5-steam-pot-chicken,1,5,厨房的秘密,汽锅鸡,云南省,昆明市,云南昆明,菜肴,第一季第五集涉及的云南汽锅鸡。,,"汽锅鸡",,维基百科《舌尖上的中国》,https://zh.wikipedia.org/wiki/舌尖上的中国,listed,high
s1e5-fenge-steamed-pork,1,5,厨房的秘密,粉葛蒸肉,广东省,佛山市,广东顺德均安,菜肴,第一季第五集涉及的顺德蒸制菜肴。,,"粉葛蒸肉",,维基百科《舌尖上的中国》,https://zh.wikipedia.org/wiki/舌尖上的中国,listed,high
s1e5-yangzhou-baozi,1,5,厨房的秘密,包子,江苏省,扬州市,江苏扬州,点心,第一季第五集涉及的扬州包子。,,"包子",,维基百科《舌尖上的中国》,https://zh.wikipedia.org/wiki/舌尖上的中国,listed,high
s1e5-gansi,1,5,厨房的秘密,大煮干丝,江苏省,扬州市,江苏扬州,菜肴,第一季第五集涉及的淮扬菜大煮干丝。,,"大煮干丝",,维基百科《舌尖上的中国》,https://zh.wikipedia.org/wiki/舌尖上的中国,listed,high
s1e5-shiyu,1,5,厨房的秘密,雪花鲥鱼,江苏省,扬州市,江苏扬州,菜肴,第一季第五集涉及的扬州雪花鲥鱼。,,"雪花鲥鱼",,维基百科《舌尖上的中国》,https://zh.wikipedia.org/wiki/舌尖上的中国,listed,high
s1e5-lion-head,1,5,厨房的秘密,清炖狮子头,江苏省,扬州市,江苏扬州,菜肴,第一季第五集涉及的淮扬菜清炖狮子头。,,"清炖狮子头",,维基百科《舌尖上的中国》,https://zh.wikipedia.org/wiki/舌尖上的中国,listed,high
s1e5-wensi-tofu,1,5,厨房的秘密,文思豆腐,江苏省,扬州市,江苏扬州,菜肴,第一季第五集涉及的淮扬刀工菜。,,"文思豆腐",,维基百科《舌尖上的中国》,https://zh.wikipedia.org/wiki/舌尖上的中国,listed,high
s1e5-changsha-stinky-tofu,1,5,厨房的秘密,油炸臭豆腐,湖南省,长沙市,湖南长沙,小吃,第一季第五集涉及的长沙臭豆腐。,,"油炸臭豆腐",,维基百科《舌尖上的中国》,https://zh.wikipedia.org/wiki/舌尖上的中国,listed,high
s1e5-sea-cucumber,1,5,厨房的秘密,葱烧海参,山东省,,山东,菜肴,第一季第五集涉及的鲁菜葱烧海参。,,"葱烧海参",,维基百科《舌尖上的中国》,https://zh.wikipedia.org/wiki/舌尖上的中国,listed,medium
s1e5-xihu-fish,1,5,厨房的秘密,西湖醋鱼,浙江省,杭州市,浙江杭州,菜肴,第一季第五集涉及的杭州西湖醋鱼。,,"西湖醋鱼",,维基百科《舌尖上的中国》,https://zh.wikipedia.org/wiki/舌尖上的中国,listed,high
s1e6-tangcong-pancake,1,6,五味的调和,糖葱薄饼,广东省,汕头市,广东汕头,小吃,第一季第六集涉及的潮汕小吃。,,"糖葱薄饼",,维基百科《舌尖上的中国》,https://zh.wikipedia.org/wiki/舌尖上的中国,listed,high
s1e6-smoked-duck,1,6,五味的调和,蔗渣熏鸭脯,广东省,汕头市,广东汕头,菜肴,第一季第六集涉及的熏制鸭脯。,,"蔗渣熏鸭脯",,维基百科《舌尖上的中国》,https://zh.wikipedia.org/wiki/舌尖上的中国,listed,high
s1e6-crispy-eel,1,6,五味的调和,梁溪脆鳝,江苏省,无锡市,江苏无锡,菜肴,第一季第六集涉及的无锡梁溪脆鳝。,,"梁溪脆鳝",,维基百科《舌尖上的中国》,https://zh.wikipedia.org/wiki/舌尖上的中国,listed,high
s1e6-xiaolong,1,6,五味的调和,加蟹开口小笼馒头,江苏省,无锡市,江苏无锡,点心,第一季第六集涉及的无锡小笼。,,"加蟹开口小笼馒头",,维基百科《舌尖上的中国》,https://zh.wikipedia.org/wiki/舌尖上的中国,listed,high
s1e6-wuxi-ribs,1,6,五味的调和,酱排骨,江苏省,无锡市,江苏无锡,菜肴,第一季第六集涉及的无锡酱排骨。,,"酱排骨",,维基百科《舌尖上的中国》,https://zh.wikipedia.org/wiki/舌尖上的中国,listed,high
s1e6-chenpi,1,6,五味的调和,陈皮,广东省,江门市,广东新会,食材,第一季第六集涉及的新会陈皮。,,"陈皮",,维基百科《舌尖上的中国》,https://zh.wikipedia.org/wiki/舌尖上的中国,listed,high
s1e6-chenpi-duck,1,6,五味的调和,陈皮鸭,澳门特别行政区,澳门,澳门,菜肴,第一季第六集涉及的澳门陈皮鸭。,,"陈皮鸭",,维基百科《舌尖上的中国》,https://zh.wikipedia.org/wiki/舌尖上的中国,listed,high
s1e6-salt-baked-chicken,1,6,五味的调和,盐焗鸡,广东省,,广东东江,菜肴,第一季第六集涉及的东江盐焗鸡。,,"盐焗鸡",,维基百科《舌尖上的中国》,https://zh.wikipedia.org/wiki/舌尖上的中国,listed,high
s1e6-vinegar,1,6,五味的调和,香醋,江苏省,镇江市,江苏镇江,调味,第一季第六集涉及的镇江香醋。,,"香醋",,维基百科《舌尖上的中国》,https://zh.wikipedia.org/wiki/舌尖上的中国,listed,high
s1e6-vinegar-ribs,1,6,五味的调和,醋排,江苏省,镇江市,江苏镇江,菜肴,第一季第六集涉及的镇江醋味菜肴。,,"醋排",,维基百科《舌尖上的中国》,https://zh.wikipedia.org/wiki/舌尖上的中国,listed,high
s1e6-yuxiang,1,6,五味的调和,鱼香肉丝,四川省,,四川,菜肴,第一季第六集涉及的川菜鱼香肉丝。,,"鱼香肉丝",,维基百科《舌尖上的中国》,https://zh.wikipedia.org/wiki/舌尖上的中国,listed,medium
s1e6-mapo-tofu,1,6,五味的调和,麻婆豆腐,四川省,成都市,四川,菜肴,第一季第六集涉及的川菜麻婆豆腐。,,"麻婆豆腐",,维基百科《舌尖上的中国》,https://zh.wikipedia.org/wiki/舌尖上的中国,listed,medium
s1e6-tengjiao-fish,1,6,五味的调和,藤椒鱼,四川省,,四川,菜肴,第一季第六集涉及的川味藤椒鱼。,,"藤椒鱼",,维基百科《舌尖上的中国》,https://zh.wikipedia.org/wiki/舌尖上的中国,listed,medium
s1e6-chongqing-hotpot,1,6,五味的调和,重庆火锅,重庆市,重庆市,重庆,火锅,第一季第六集涉及的重庆火锅。,,"重庆火锅",,维基百科《舌尖上的中国》,https://zh.wikipedia.org/wiki/舌尖上的中国,listed,high
s1e6-fish-ball-zicai,1,6,五味的调和,鱼丸紫菜煲,广东省,汕头市,广东汕头,菜肴,第一季第六集涉及的鱼丸紫菜煲。,,"鱼丸紫菜煲",,维基百科《舌尖上的中国》,https://zh.wikipedia.org/wiki/舌尖上的中国,listed,high
s1e6-steamed-fish,1,6,五味的调和,清蒸鱼,广东省,广州市,广东广州,菜肴,第一季第六集涉及的广州清蒸鱼。,,"清蒸鱼",,维基百科《舌尖上的中国》,https://zh.wikipedia.org/wiki/舌尖上的中国,listed,high
s1e6-white-cut-chicken,1,6,五味的调和,白切鸡,广东省,广州市,广东广州,菜肴,第一季第六集涉及的广州白切鸡。,,"白切鸡",,维基百科《舌尖上的中国》,https://zh.wikipedia.org/wiki/舌尖上的中国,listed,high
s1e7-new-rice-festival,1,7,我们的田野,新米节,贵州省,从江县,贵州从江,节令,第一季第七集涉及的新米节食俗。,,"新米节",,维基百科《舌尖上的中国》,https://zh.wikipedia.org/wiki/舌尖上的中国,listed,high
s1e7-zhangzidao-seafood,1,7,我们的田野,獐子岛海产品,辽宁省,大连市,獐子岛,海鲜,第一季第七集涉及的海产品。,,"獐子岛海产品",,维基百科《舌尖上的中国》,https://zh.wikipedia.org/wiki/舌尖上的中国,listed,high
s1e7-river-crab,1,7,我们的田野,河蟹,浙江省,湖州市,浙江湖州,水产,第一季第七集涉及的湖州河蟹。,,"河蟹",,维基百科《舌尖上的中国》,https://zh.wikipedia.org/wiki/舌尖上的中国,listed,high
s1e7-crab-soup-bun,1,7,我们的田野,蟹黄汤包,江苏省,靖江市,靖江,点心,第一季第七集涉及的靖江蟹黄汤包。,,"蟹黄汤包",,维基百科《舌尖上的中国》,https://zh.wikipedia.org/wiki/舌尖上的中国,listed,high
s1e7-hairy-crab,1,7,我们的田野,大闸蟹,江苏省,,江南水乡,水产,第一季第七集涉及的大闸蟹。,,"大闸蟹",,维基百科《舌尖上的中国》,https://zh.wikipedia.org/wiki/舌尖上的中国,listed,medium
s1e7-xinghua-taro,1,7,我们的田野,芋头,江苏省,兴化市,江苏兴化,食材,第一季第七集涉及的兴化芋头。,,"芋头",,维基百科《舌尖上的中国》,https://zh.wikipedia.org/wiki/舌尖上的中国,listed,high
s1e7-wang-tofu,1,7,我们的田野,蟹黄汪豆腐,江苏省,兴化市,江苏兴化,菜肴,第一季第七集涉及的蟹黄汪豆腐。,,"蟹黄汪豆腐",,维基百科《舌尖上的中国》,https://zh.wikipedia.org/wiki/舌尖上的中国,listed,high
s1e7-qingke,1,7,我们的田野,青稞,西藏自治区,,西藏,食材,第一季第七集涉及的青稞。,,"青稞",,维基百科《舌尖上的中国》,https://zh.wikipedia.org/wiki/舌尖上的中国,listed,high
s2e1-suyou-honey,2,1,脚步,酥油蜂蜜,西藏自治区,,西藏,食材,第二季第一集登场美食。,,"酥油蜂蜜",,维基百科《舌尖上的中国》,https://zh.wikipedia.org/wiki/舌尖上的中国,listed,medium
s2e1-honey-eel,2,1,脚步,蜂蜜鳗鱼,,,未明确,菜肴,第二季第一集登场美食。,,"蜂蜜鳗鱼",,维基百科《舌尖上的中国》,https://zh.wikipedia.org/wiki/舌尖上的中国,listed,low
s2e1-icecream,2,1,脚步,蜜制酒心冰激凌,,,未明确,甜品,第二季第一集登场美食。,,"蜜制酒心冰激凌",,维基百科《舌尖上的中国》,https://zh.wikipedia.org/wiki/舌尖上的中国,listed,low
s2e1-spicy-sausage,2,1,脚步,麻辣香肠,四川省,,四川,腌腊,第二季第一集登场美食。,,"麻辣香肠",,维基百科《舌尖上的中国》,https://zh.wikipedia.org/wiki/舌尖上的中国,listed,medium
s2e1-smoked-larou,2,1,脚步,烟熏腊肉,四川省,,四川,腌腊,第二季第一集登场美食。,,"烟熏腊肉",,维基百科《舌尖上的中国》,https://zh.wikipedia.org/wiki/舌尖上的中国,listed,medium
s2e1-leshan-douhua,2,1,脚步,乐山嫩豆花,四川省,乐山市,乐山,小吃,第二季第一集登场美食。,,"乐山嫩豆花",,维基百科《舌尖上的中国》,https://zh.wikipedia.org/wiki/舌尖上的中国,listed,high
s2e1-kuandaimian,2,1,脚步,蓝田裤带面,陕西省,蓝田县,蓝田,主食,第二季第一集登场美食。,,"蓝田裤带面",,维基百科《舌尖上的中国》,https://zh.wikipedia.org/wiki/舌尖上的中国,listed,high
s2e1-wangchao,2,1,脚步,红烧望潮,浙江省,,浙江沿海,海鲜,第二季第一集登场美食。,,"红烧望潮",,维基百科《舌尖上的中国》,https://zh.wikipedia.org/wiki/舌尖上的中国,listed,medium
s2e1-tiaotiaoyu,2,1,脚步,清炖跳跳鱼,浙江省,,浙江沿海,海鲜,第二季第一集登场美食。,,"清炖跳跳鱼",,维基百科《舌尖上的中国》,https://zh.wikipedia.org/wiki/舌尖上的中国,listed,medium
s2e1-jianbing,2,1,脚步,煎饼卷大葱,山东省,,山东,小吃,第二季第一集登场美食。,,"煎饼卷大葱",,维基百科《舌尖上的中国》,https://zh.wikipedia.org/wiki/舌尖上的中国,listed,high
s2e1-siwawa,2,1,脚步,丝娃娃,贵州省,贵阳市,贵州,小吃,第二季第一集登场美食。,,"丝娃娃",,维基百科《舌尖上的中国》,https://zh.wikipedia.org/wiki/舌尖上的中国,listed,medium
s2e1-kaoya-juanbing,2,1,脚步,烤鸭卷饼,北京市,北京市,北京,菜肴,第二季第一集登场美食。,,"烤鸭卷饼",,维基百科《舌尖上的中国》,https://zh.wikipedia.org/wiki/舌尖上的中国,listed,medium
s2e1-shibingtong,2,1,脚步,食饼筒,浙江省,台州市,浙江台州,小吃,第二季第一集登场美食。,,"食饼筒",,维基百科《舌尖上的中国》,https://zh.wikipedia.org/wiki/舌尖上的中国,listed,high
s2e1-niudongchun,2,1,脚步,牛冻春,,,未明确,菜肴,第二季第一集登场美食。,,"牛冻春",,维基百科《舌尖上的中国》,https://zh.wikipedia.org/wiki/舌尖上的中国,listed,low
s2e1-leishan-fish-sauce,2,1,脚步,雷山鱼酱,贵州省,雷山县,雷山,调味,第二季第一集登场美食。,,"雷山鱼酱",,维基百科《舌尖上的中国》,https://zh.wikipedia.org/wiki/舌尖上的中国,listed,high
s2e1-rice-flower-fish,2,1,脚步,鱼酱炖稻花鱼,贵州省,雷山县,雷山,菜肴,第二季第一集登场美食。,,"鱼酱炖稻花鱼",,维基百科《舌尖上的中国》,https://zh.wikipedia.org/wiki/舌尖上的中国,listed,high
s2e1-luobo-rice,2,1,脚步,萝卜饭,福建省,泉州市,福建闽南,主食,第二季第一集登场美食。,,"萝卜饭",,维基百科《舌尖上的中国》,https://zh.wikipedia.org/wiki/舌尖上的中国,listed,medium
s2e2-beef-potsticker,2,2,心传,牛肉锅贴,江苏省,南京市,南京,小吃,第二季第二集登场美食。,,"牛肉锅贴",,维基百科《舌尖上的中国》,https://zh.wikipedia.org/wiki/舌尖上的中国,listed,medium
s2e2-huiguorou,2,2,心传,回锅肉,四川省,,四川,菜肴,第二季第二集登场美食。,,"回锅肉",,维基百科《舌尖上的中国》,https://zh.wikipedia.org/wiki/舌尖上的中国,listed,high
s2e2-huizhou-stinky-tofu,2,2,心传,徽州臭豆腐,安徽省,黄山市,徽州,小吃,第二季第二集登场美食。,,"徽州臭豆腐",,维基百科《舌尖上的中国》,https://zh.wikipedia.org/wiki/舌尖上的中国,listed,high
s2e2-guoba,2,2,心传,油炸锅巴,安徽省,黄山市,徽州,小吃,第二季第二集登场美食。,,"油炸锅巴",,维基百科《舌尖上的中国》,https://zh.wikipedia.org/wiki/舌尖上的中国,listed,medium
s2e2-suanrou,2,2,心传,蒜泥白肉,四川省,,四川,菜肴,第二季第二集登场美食。,,"蒜泥白肉",,维基百科《舌尖上的中国》,https://zh.wikipedia.org/wiki/舌尖上的中国,listed,high
s2e2-zhuer,2,2,心传,凉拌猪耳,四川省,,四川,菜肴,第二季第二集登场美食。,,"凉拌猪耳",,维基百科《舌尖上的中国》,https://zh.wikipedia.org/wiki/舌尖上的中国,listed,medium
s2e2-kongxin-noodle,2,2,心传,空心挂面,陕西省,,张家山镇高家塄村,主食,第二季第二集登场美食。,,"空心挂面",,维基百科《舌尖上的中国》,https://zh.wikipedia.org/wiki/舌尖上的中国,listed,medium
s2e2-hanzhong-mianpi,2,2,心传,汉中面皮,陕西省,汉中市,汉中,小吃,第二季第二集登场美食。,,"汉中面皮",,维基百科《舌尖上的中国》,https://zh.wikipedia.org/wiki/舌尖上的中国,listed,high
s2e2-ningxia-noodle,2,2,心传,宁夏手擀面,宁夏回族自治区,,宁夏,主食,第二季第二集登场美食。,,"宁夏手擀面",,维基百科《舌尖上的中国》,https://zh.wikipedia.org/wiki/舌尖上的中国,listed,high
s2e2-tianshuimian,2,2,心传,四川甜水面,四川省,成都市,四川,小吃,第二季第二集登场美食。,,"四川甜水面",,维基百科《舌尖上的中国》,https://zh.wikipedia.org/wiki/舌尖上的中国,listed,high
s2e2-hele,2,2,心传,山西饸饹,山西省,,山西,主食,第二季第二集登场美食。,,"山西饸饹",,维基百科《舌尖上的中国》,https://zh.wikipedia.org/wiki/舌尖上的中国,listed,high
s2e2-reganmian,2,2,心传,武汉热干面,湖北省,武汉市,武汉,主食,第二季第二集登场美食。,,"武汉热干面",,维基百科《舌尖上的中国》,https://zh.wikipedia.org/wiki/舌尖上的中国,listed,high
s2e2-chongqing-noodle,2,2,心传,重庆小面,重庆市,重庆市,重庆,主食,第二季第二集登场美食。,,"重庆小面",,维基百科《舌尖上的中国》,https://zh.wikipedia.org/wiki/舌尖上的中国,listed,high
s2e2-suzhou-noodle,2,2,心传,苏州头汤面,江苏省,苏州市,苏州,主食,第二季第二集登场美食。,,"苏州头汤面",,维基百科《舌尖上的中国》,https://zh.wikipedia.org/wiki/舌尖上的中国,listed,high
s2e2-oyster-omelette,2,2,心传,蚝烙,广东省,汕头市,汕头澄海,小吃,第二季第二集登场美食。,,"蚝烙",,维基百科《舌尖上的中国》,https://zh.wikipedia.org/wiki/舌尖上的中国,listed,high
s2e2-yangzhou-feast,2,2,心传,烫干丝,江苏省,扬州市,扬州,菜肴,第二季第二集登场美食。,,"烫干丝",,维基百科《舌尖上的中国》,https://zh.wikipedia.org/wiki/舌尖上的中国,listed,high
s2e2-big-lion-head,2,2,心传,葵花大斩肉,江苏省,扬州市,扬州,菜肴,第二季第二集登场美食。,,"葵花大斩肉",,维基百科《舌尖上的中国》,https://zh.wikipedia.org/wiki/舌尖上的中国,listed,high
s2e2-three-duck,2,2,心传,三套鸭,江苏省,扬州市,扬州,菜肴,第二季第二集登场美食。,,"三套鸭",,维基百科《舌尖上的中国》,https://zh.wikipedia.org/wiki/舌尖上的中国,listed,high
s2e3-lei-bamboo,2,3,时节,雷笋炒肉丝,浙江省,,浙江,时令,第二季第三集登场美食。,,"雷笋炒肉丝",,维基百科《舌尖上的中国》,https://zh.wikipedia.org/wiki/舌尖上的中国,listed,medium
s2e3-dried-bamboo-chicken,2,3,时节,笋干炖鸡,浙江省,,浙江,时令,第二季第三集登场美食。,,"笋干炖鸡",,维基百科《舌尖上的中国》,https://zh.wikipedia.org/wiki/舌尖上的中国,listed,medium
s2e3-tieguo-fish,2,3,时节,铁锅炖鱼,黑龙江省,,东北,菜肴,第二季第三集登场美食。,,"铁锅炖鱼",,维基百科《舌尖上的中国》,https://zh.wikipedia.org/wiki/舌尖上的中国,listed,medium
s2e3-yuqian-rice,2,3,时节,榆钱饭,河南省,,中原,时令,第二季第三集登场美食。,,"榆钱饭",,维基百科《舌尖上的中国》,https://zh.wikipedia.org/wiki/舌尖上的中国,listed,medium
s2e3-jiucengpi,2,3,时节,九层皮,广东省,,广东,小吃,第二季第三集登场美食。,,"九层皮",,维基百科《舌尖上的中国》,https://zh.wikipedia.org/wiki/舌尖上的中国,listed,medium
s2e3-marentang,2,3,时节,玛仁糖/切糕,新疆维吾尔自治区,,新疆,甜品,第二季第三集登场美食。,,"玛仁糖/切糕",,维基百科《舌尖上的中国》,https://zh.wikipedia.org/wiki/舌尖上的中国,listed,high
s2e3-zhuafan,2,3,时节,抓饭,新疆维吾尔自治区,,新疆,主食,第二季第三集登场美食。,,"抓饭",,维基百科《舌尖上的中国》,https://zh.wikipedia.org/wiki/舌尖上的中国,listed,high
s2e3-rice-lotus,2,3,时节,桂花糯米藕,江苏省,,江南,甜品,第二季第三集登场美食。,,"桂花糯米藕",,维基百科《舌尖上的中国》,https://zh.wikipedia.org/wiki/舌尖上的中国,listed,medium
s2e4-ranmian,2,4,家常,燃面,四川省,宜宾市,宜宾,主食,第二季第四集登场美食。,,"燃面",,维基百科《舌尖上的中国》,https://zh.wikipedia.org/wiki/舌尖上的中国,listed,high
s2e4-xiguajiang,2,4,家常,郓城西瓜酱,山东省,郓城县,郓城,调味,第二季第四集登场美食。,,"郓城西瓜酱",,维基百科《舌尖上的中国》,https://zh.wikipedia.org/wiki/舌尖上的中国,listed,high
s2e4-pucai,2,4,家常,济南奶汤蒲菜,山东省,济南市,济南,菜肴,第二季第四集登场美食。,,"济南奶汤蒲菜",,维基百科《舌尖上的中国》,https://zh.wikipedia.org/wiki/舌尖上的中国,listed,high
s2e4-pucai-dumpling,2,4,家常,淮安蒲菜水饺,江苏省,淮安市,淮安,主食,第二季第四集登场美食。,,"淮安蒲菜水饺",,维基百科《舌尖上的中国》,https://zh.wikipedia.org/wiki/舌尖上的中国,listed,high
s2e4-chenpi-redbean,2,4,家常,陈皮红豆沙,澳门特别行政区,澳门,澳门,甜品,第二季第四集登场美食。,,"陈皮红豆沙",,维基百科《舌尖上的中国》,https://zh.wikipedia.org/wiki/舌尖上的中国,listed,high
s2e4-ginger-milk,2,4,家常,姜撞奶,澳门特别行政区,澳门,澳门,甜品,第二季第四集登场美食。,,"姜撞奶",,维基百科《舌尖上的中国》,https://zh.wikipedia.org/wiki/舌尖上的中国,listed,high
s2e4-steamed-dishes,2,4,家常,天门蒸菜,湖北省,天门市,天门,菜肴,第二季第四集登场美食。,,"天门蒸菜",,维基百科《舌尖上的中国》,https://zh.wikipedia.org/wiki/舌尖上的中国,listed,high
s2e4-braised-pork,2,4,家常,红烧肉,,,多地,菜肴,第二季第四集登场美食。,,"红烧肉",,维基百科《舌尖上的中国》,https://zh.wikipedia.org/wiki/舌尖上的中国,listed,low
s2e4-pickle-fish,2,4,家常,四川泡菜鱼,四川省,,四川,菜肴,第二季第四集登场美食。,,"四川泡菜鱼",,维基百科《舌尖上的中国》,https://zh.wikipedia.org/wiki/舌尖上的中国,listed,high
s2e4-paocai,2,4,家常,四川泡菜,四川省,,四川,腌制,第二季第四集登场美食。,,"四川泡菜",,维基百科《舌尖上的中国》,https://zh.wikipedia.org/wiki/舌尖上的中国,listed,high
s2e4-chicken-feet,2,4,家常,泡椒凤爪,四川省,,四川,小吃,第二季第四集登场美食。,,"泡椒凤爪",,维基百科《舌尖上的中国》,https://zh.wikipedia.org/wiki/舌尖上的中国,listed,medium
s2e5-chicken-mushroom,2,5,相逢,小鸡炖蘑菇,黑龙江省,,东北,菜肴,第二季第五集登场美食。,,"小鸡炖蘑菇",,维基百科《舌尖上的中国》,https://zh.wikipedia.org/wiki/舌尖上的中国,listed,medium
s2e5-beijing-hotpot,2,5,相逢,北京涮肉火锅,北京市,北京市,北京,火锅,第二季第五集登场美食。,,"北京涮肉火锅",,维基百科《舌尖上的中国》,https://zh.wikipedia.org/wiki/舌尖上的中国,listed,high
s2e5-mushroom-hotpot,2,5,相逢,云南菌子火锅,云南省,,云南,火锅,第二季第五集登场美食。,,"云南菌子火锅",,维基百科《舌尖上的中国》,https://zh.wikipedia.org/wiki/舌尖上的中国,listed,high
s2e5-beef-hotpot,2,5,相逢,潮汕牛肉火锅,广东省,汕头市,潮汕,火锅,第二季第五集登场美食。,,"潮汕牛肉火锅",,维基百科《舌尖上的中国》,https://zh.wikipedia.org/wiki/舌尖上的中国,listed,high
s2e5-guantangbao,2,5,相逢,灌汤包,河南省,开封市,开封,点心,第二季第五集登场美食。,,"灌汤包",,维基百科《舌尖上的中国》,https://zh.wikipedia.org/wiki/舌尖上的中国,listed,medium
s2e5-pianerchuan,2,5,相逢,片儿川,浙江省,杭州市,杭州,主食,第二季第五集登场美食。,,"片儿川",,维基百科《舌尖上的中国》,https://zh.wikipedia.org/wiki/舌尖上的中国,listed,high
s2e5-naren,2,5,相逢,纳仁,新疆维吾尔自治区,,新疆,主食,第二季第五集登场美食。,,"纳仁",,维基百科《舌尖上的中国》,https://zh.wikipedia.org/wiki/舌尖上的中国,listed,high
s2e5-dapanji,2,5,相逢,大盘鸡,新疆维吾尔自治区,,新疆,菜肴,第二季第五集登场美食。,,"大盘鸡",,维基百科《舌尖上的中国》,https://zh.wikipedia.org/wiki/舌尖上的中国,listed,high
s2e5-kaobaozi,2,5,相逢,烤包子,新疆维吾尔自治区,,新疆,主食,第二季第五集登场美食。,,"烤包子",,维基百科《舌尖上的中国》,https://zh.wikipedia.org/wiki/舌尖上的中国,listed,high
s2e5-latiaoz,2,5,相逢,拉条子,新疆维吾尔自治区,,新疆,主食,第二季第五集登场美食。,,"拉条子",,维基百科《舌尖上的中国》,https://zh.wikipedia.org/wiki/舌尖上的中国,listed,high
s2e6-huaziyu,2,6,秘境,清蒸华子鱼,内蒙古自治区,,内蒙古,水产,第二季第六集登场美食。,,"清蒸华子鱼",,维基百科《舌尖上的中国》,https://zh.wikipedia.org/wiki/舌尖上的中国,listed,medium
s2e6-suanla-huaziyu,2,6,秘境,酸辣华子鱼,内蒙古自治区,,内蒙古,水产,第二季第六集登场美食。,,"酸辣华子鱼",,维基百科《舌尖上的中国》,https://zh.wikipedia.org/wiki/舌尖上的中国,listed,medium
s2e6-beihai-chicken,2,6,秘境,北海沙蟹汁白切鸡,广西壮族自治区,北海市,北海,菜肴,第二季第六集登场美食。,,"北海沙蟹汁白切鸡",,维基百科《舌尖上的中国》,https://zh.wikipedia.org/wiki/舌尖上的中国,listed,high
s2e6-hand-lamb,2,6,秘境,野韭花酱手把羊肉,内蒙古自治区,,内蒙古,菜肴,第二季第六集登场美食。,,"野韭花酱手把羊肉",,维基百科《舌尖上的中国》,https://zh.wikipedia.org/wiki/舌尖上的中国,listed,medium
s2e6-shuan-lamb,2,6,秘境,涮羊肉,北京市,北京市,北京,火锅,第二季第六集登场美食。,,"涮羊肉",,维基百科《舌尖上的中国》,https://zh.wikipedia.org/wiki/舌尖上的中国,listed,medium
s2e6-hongliu-lamb,2,6,秘境,红柳枝烤羊肉,新疆维吾尔自治区,,新疆,烧烤,第二季第六集登场美食。,,"红柳枝烤羊肉",,维基百科《舌尖上的中国》,https://zh.wikipedia.org/wiki/舌尖上的中国,listed,high
s2e6-yangyu-caca,2,6,秘境,洋芋擦擦,陕西省,榆林市,陕北,小吃,第二季第六集登场美食。,,"洋芋擦擦",,维基百科《舌尖上的中国》,https://zh.wikipedia.org/wiki/舌尖上的中国,listed,medium
s2e6-grouper,2,6,秘境,清蒸石斑鱼,广东省,,华南沿海,海鲜,第二季第六集登场美食。,,"清蒸石斑鱼",,维基百科《舌尖上的中国》,https://zh.wikipedia.org/wiki/舌尖上的中国,listed,medium
s2e6-shrimp-wonton,2,6,秘境,鲜虾云吞,广东省,,广东,小吃,第二季第六集登场美食。,,"鲜虾云吞",,维基百科《舌尖上的中国》,https://zh.wikipedia.org/wiki/舌尖上的中国,listed,medium
s2e7-jianbingguozi,2,7,三餐,天津煎饼果子,天津市,天津市,天津,小吃,第二季第七集登场美食。,,"天津煎饼果子",,维基百科《舌尖上的中国》,https://zh.wikipedia.org/wiki/舌尖上的中国,listed,high
s2e7-guangzhou-yumcha,2,7,三餐,广州早茶,广东省,广州市,广州,点心,第二季第七集登场美食。,,"广州早茶",,维基百科《舌尖上的中国》,https://zh.wikipedia.org/wiki/舌尖上的中国,listed,high
s2e7-steamed-layufish,2,7,三餐,蒸腊鱼,湖南省,,湖南,腌腊,第二季第七集登场美食。,,"蒸腊鱼",,维基百科《舌尖上的中国》,https://zh.wikipedia.org/wiki/舌尖上的中国,listed,medium
s2e7-xiangxiang-egg,2,7,三餐,湘乡咸鸭蛋,湖南省,湘乡市,湘乡,腌制,第二季第七集登场美食。,,"湘乡咸鸭蛋",,维基百科《舌尖上的中国》,https://zh.wikipedia.org/wiki/舌尖上的中国,listed,high
s2e7-tuotuorou,2,7,三餐,彝族坨坨肉,四川省,凉山彝族自治州,凉山,菜肴,第二季第七集登场美食。,,"彝族坨坨肉",,维基百科《舌尖上的中国》,https://zh.wikipedia.org/wiki/舌尖上的中国,listed,high
s2e7-suzhou-noodle2,2,7,三餐,枫镇大肉面,江苏省,苏州市,苏州,主食,第二季第七集登场美食。,,"枫镇大肉面",,维基百科《舌尖上的中国》,https://zh.wikipedia.org/wiki/舌尖上的中国,listed,high
s3e1-qiaomai-baba,3,1,器,荞麦粑粑,云南省,,云南,主食,第三季第一集登场美食。,,"荞麦粑粑",,维基百科《舌尖上的中国》,https://zh.wikipedia.org/wiki/舌尖上的中国,listed,medium
s3e1-stone-pot-matsutake,3,1,器,石锅松茸,云南省,,云南,菜肴,第三季第一集登场美食。,,"石锅松茸",,维基百科《舌尖上的中国》,https://zh.wikipedia.org/wiki/舌尖上的中国,listed,medium
s3e1-shiwan-cai,3,1,器,陕西十碗菜,陕西省,,陕西,宴席,第三季第一集登场美食。,,"陕西十碗菜",,维基百科《舌尖上的中国》,https://zh.wikipedia.org/wiki/舌尖上的中国,listed,high
s3e1-yangzhou-dim,3,1,器,扬州蒸点,江苏省,扬州市,扬州,点心,第三季第一集登场美食。,,"扬州蒸点",,维基百科《舌尖上的中国》,https://zh.wikipedia.org/wiki/舌尖上的中国,listed,high
s3e1-jiuzhuan-dachang,3,1,器,九转大肠,山东省,济南市,济南,菜肴,第三季第一集登场美食。,,"九转大肠",,维基百科《舌尖上的中国》,https://zh.wikipedia.org/wiki/舌尖上的中国,listed,high
s3e1-baocao-yaohua,3,1,器,爆炒腰花,山东省,,山东,菜肴,第三季第一集登场美食。,,"爆炒腰花",,维基百科《舌尖上的中国》,https://zh.wikipedia.org/wiki/舌尖上的中国,listed,medium
s3e1-golden-cabbage,3,1,器,金边白菜,陕西省,西安市,西安,菜肴,第三季第一集登场美食。,,"金边白菜",,维基百科《舌尖上的中国》,https://zh.wikipedia.org/wiki/舌尖上的中国,listed,medium
s3e2-xidoufen,3,2,香,稀豆粉,云南省,,云南,小吃,第三季第二集登场美食。,,"稀豆粉",,维基百科《舌尖上的中国》,https://zh.wikipedia.org/wiki/舌尖上的中国,listed,medium
s3e2-shantou-fishball,3,2,香,汕头手打鱼丸,广东省,汕头市,汕头,小吃,第三季第二集登场美食。,,"汕头手打鱼丸",,维基百科《舌尖上的中国》,https://zh.wikipedia.org/wiki/舌尖上的中国,listed,high
s3e2-maladang,3,2,香,麻辣烫,四川省,,四川,小吃,第三季第二集登场美食。,,"麻辣烫",,维基百科《舌尖上的中国》,https://zh.wikipedia.org/wiki/舌尖上的中国,listed,medium
s3e2-lianggao,3,2,香,凉糕,四川省,宜宾市,四川,小吃,第三季第二集登场美食。,,"凉糕",,维基百科《舌尖上的中国》,https://zh.wikipedia.org/wiki/舌尖上的中国,listed,medium
s3e2-hulatang,3,2,香,胡辣汤,河南省,,河南,小吃,第三季第二集登场美食。,,"胡辣汤",,维基百科《舌尖上的中国》,https://zh.wikipedia.org/wiki/舌尖上的中国,listed,high
s3e2-quanzhou-jelly,3,2,香,泉州石花膏,福建省,泉州市,泉州,甜品,第三季第二集登场美食。,,"泉州石花膏",,维基百科《舌尖上的中国》,https://zh.wikipedia.org/wiki/舌尖上的中国,listed,high
s3e2-mianxianhu,3,2,香,面线糊,福建省,泉州市,泉州,小吃,第三季第二集登场美食。,,"面线糊",,维基百科《舌尖上的中国》,https://zh.wikipedia.org/wiki/舌尖上的中国,listed,high
s3e2-shuipen-lamb,3,2,香,水盆羊肉,陕西省,西安市,西安,小吃,第三季第二集登场美食。,,"水盆羊肉",,维基百科《舌尖上的中国》,https://zh.wikipedia.org/wiki/舌尖上的中国,listed,high
s3e3-lotus-feast,3,3,宴,全藕宴,湖北省,,湖北,宴席,第三季第三集登场美食。,,"全藕宴",,维基百科《舌尖上的中国》,https://zh.wikipedia.org/wiki/舌尖上的中国,listed,medium
s3e3-shuibaixian,3,3,宴,水八仙,江苏省,苏州市,苏州,宴席,第三季第三集登场美食。,,"水八仙",,维基百科《舌尖上的中国》,https://zh.wikipedia.org/wiki/舌尖上的中国,listed,medium
s3e3-duck,3,3,宴,八宝葫芦鸭,江苏省,,江南,菜肴,第三季第三集登场美食。,,"八宝葫芦鸭",,维基百科《舌尖上的中国》,https://zh.wikipedia.org/wiki/舌尖上的中国,listed,medium
s3e3-shacha-beef,3,3,宴,沙茶焖牛肉,福建省,,闽南,菜肴,第三季第三集登场美食。,,"沙茶焖牛肉",,维基百科《舌尖上的中国》,https://zh.wikipedia.org/wiki/舌尖上的中国,listed,medium
s3e3-fengrou,3,3,宴,封肉,福建省,,闽南,菜肴,第三季第三集登场美食。,,"封肉",,维基百科《舌尖上的中国》,https://zh.wikipedia.org/wiki/舌尖上的中国,listed,medium
s3e3-pingjiang,3,3,宴,平江十大碗,湖南省,平江县,平江,宴席,第三季第三集登场美食。,,"平江十大碗",,维基百科《舌尖上的中国》,https://zh.wikipedia.org/wiki/舌尖上的中国,listed,high
s3e4-wuzhigao,3,4,养,五汁膏,北京市,北京市,北京,食养,第三季第四集登场美食。,,"五汁膏",,维基百科《舌尖上的中国》,https://zh.wikipedia.org/wiki/舌尖上的中国,listed,medium
s3e4-shanyao,3,4,养,枣泥山药糕,北京市,北京市,北京,点心,第三季第四集登场美食。,,"枣泥山药糕",,维基百科《舌尖上的中国》,https://zh.wikipedia.org/wiki/舌尖上的中国,listed,medium
s3e4-porkbelly-chicken,3,4,养,猪肚鸡,广东省,,广东,汤羹,第三季第四集登场美食。,,"猪肚鸡",,维基百科《舌尖上的中国》,https://zh.wikipedia.org/wiki/舌尖上的中国,listed,medium
s3e4-laohuo-soup,3,4,养,老火汤,广东省,,广东,汤羹,第三季第四集登场美食。,,"老火汤",,维基百科《舌尖上的中国》,https://zh.wikipedia.org/wiki/舌尖上的中国,listed,medium
s3e4-danggui-lamb,3,4,养,当归生姜羊肉汤,甘肃省,,西北,汤羹,第三季第四集登场美食。,,"当归生姜羊肉汤",,维基百科《舌尖上的中国》,https://zh.wikipedia.org/wiki/舌尖上的中国,listed,low
s3e5-crab-tofu,3,5,食,蟹粉豆腐,江苏省,,江南,菜肴,第三季第五集登场美食。,,"蟹粉豆腐",,维基百科《舌尖上的中国》,https://zh.wikipedia.org/wiki/舌尖上的中国,listed,medium
s3e5-squirrel-fish,3,5,食,松鼠鳜鱼,江苏省,苏州市,苏州,菜肴,第三季第五集登场美食。,,"松鼠鳜鱼",,维基百科《舌尖上的中国》,https://zh.wikipedia.org/wiki/舌尖上的中国,listed,high
s3e5-jiaozhou-noodle,3,5,食,胶州摔面,山东省,胶州市,胶州,主食,第三季第五集登场美食。,,"胶州摔面",,维基百科《舌尖上的中国》,https://zh.wikipedia.org/wiki/舌尖上的中国,listed,high
s3e5-tianjin-doufunao,3,5,食,津味豆腐脑,天津市,天津市,天津,小吃,第三季第五集登场美食。,,"津味豆腐脑",,维基百科《舌尖上的中国》,https://zh.wikipedia.org/wiki/舌尖上的中国,listed,high
s3e5-beef-noodle,3,5,食,红烧牛肉面,台湾省,,台湾,主食,第三季第五集登场美食。,,"红烧牛肉面",,维基百科《舌尖上的中国》,https://zh.wikipedia.org/wiki/舌尖上的中国,listed,medium
s3e5-luroufan,3,5,食,卤肉饭,台湾省,,台湾,主食,第三季第五集登场美食。,,"卤肉饭",,维基百科《舌尖上的中国》,https://zh.wikipedia.org/wiki/舌尖上的中国,listed,medium
s3e6-saqima,3,6,酥,萨其马,北京市,北京市,北京,点心,第三季第六集登场美食。,,"萨其马",,维基百科《舌尖上的中国》,https://zh.wikipedia.org/wiki/舌尖上的中国,listed,medium
s3e6-sushi-pastry,3,6,酥,苏式糕点,江苏省,苏州市,苏州,点心,第三季第六集登场美食。,,"苏式糕点",,维基百科《舌尖上的中国》,https://zh.wikipedia.org/wiki/舌尖上的中国,listed,high
s3e6-yuting-cake,3,6,酥,渔亭糕,安徽省,黄山市,渔亭,点心,第三季第六集登场美食。,,"渔亭糕",,维基百科《舌尖上的中国》,https://zh.wikipedia.org/wiki/舌尖上的中国,listed,high
s3e6-longjing-pastry,3,6,酥,龙井茶酥,浙江省,杭州市,杭州,点心,第三季第六集登场美食。,,"龙井茶酥",,维基百科《舌尖上的中国》,https://zh.wikipedia.org/wiki/舌尖上的中国,listed,high
s3e6-cantonese-dimsum,3,6,酥,粤式点心四大天王,广东省,广州市,广东,点心,第三季第六集登场美食：叉烧包、虾饺、烧卖、蛋挞。,,"粤式点心四大天王",,维基百科《舌尖上的中国》,https://zh.wikipedia.org/wiki/舌尖上的中国,listed,high
s3e7-chunbing,3,7,生,春饼,北京市,北京市,北京,节令,第三季第七集登场美食。,,"春饼",,维基百科《舌尖上的中国》,https://zh.wikipedia.org/wiki/舌尖上的中国,listed,medium
s3e7-qingmingguo,3,7,生,清明粿,浙江省,,浙江,节令,第三季第七集登场美食。,,"清明粿",,维基百科《舌尖上的中国》,https://zh.wikipedia.org/wiki/舌尖上的中国,listed,medium
s3e7-leaf-feast,3,7,生,西双版纳绿叶宴,云南省,西双版纳傣族自治州,西双版纳,宴席,第三季第七集登场美食。,,"西双版纳绿叶宴",,维基百科《舌尖上的中国》,https://zh.wikipedia.org/wiki/舌尖上的中国,listed,high
s3e7-sour-fish,3,7,生,酸汤鱼,贵州省,,贵州,菜肴,第三季第七集登场美食。,,"酸汤鱼",,维基百科《舌尖上的中国》,https://zh.wikipedia.org/wiki/舌尖上的中国,listed,medium
s3e7-fuping-persimmon,3,7,生,富平柿饼,陕西省,富平县,富平,甜品,第三季第七集登场美食。,,"富平柿饼",,维基百科《舌尖上的中国》,https://zh.wikipedia.org/wiki/舌尖上的中国,listed,high
s3e7-huangshan-ham,3,7,生,黄山咸肉,安徽省,黄山市,黄山,腌腊,第三季第七集登场美食。,,"黄山咸肉",,维基百科《舌尖上的中国》,https://zh.wikipedia.org/wiki/舌尖上的中国,listed,high
s3e7-bayu-dumpling,3,7,生,鲅鱼饺子,山东省,青岛市,胶东,主食,第三季第七集登场美食。,,"鲅鱼饺子",,维基百科《舌尖上的中国》,https://zh.wikipedia.org/wiki/舌尖上的中国,listed,medium
s3e8-tianshaobai,3,8,合,甜烧白,四川省,,四川,菜肴,第三季第八集登场美食。,,"甜烧白",,维基百科《舌尖上的中国》,https://zh.wikipedia.org/wiki/舌尖上的中国,listed,high
s3e8-lamb-rice-noodle,3,8,合,羊肉粉,贵州省,,贵州,主食,第三季第八集登场美食。,,"羊肉粉",,维基百科《舌尖上的中国》,https://zh.wikipedia.org/wiki/舌尖上的中国,listed,medium
s3e8-sweet-sour-ribs,3,8,合,糖醋排骨,四川省,,四川,菜肴,第三季第八集登场美食。,,"糖醋排骨",,维基百科《舌尖上的中国》,https://zh.wikipedia.org/wiki/舌尖上的中国,listed,medium
s3e8-suan-cai,3,8,合,东北酸菜,黑龙江省,,东北,腌制,第三季第八集登场美食。,,"东北酸菜",,维基百科《舌尖上的中国》,https://zh.wikipedia.org/wiki/舌尖上的中国,listed,medium
s3e8-shanxi-hotpot,3,8,合,山西火锅,山西省,,山西,火锅,第三季第八集登场美食。,,"山西火锅",,维基百科《舌尖上的中国》,https://zh.wikipedia.org/wiki/舌尖上的中国,listed,high
s3e8-hakka-poonchoi,3,8,合,客家盆菜,广东省,,客家地区,宴席,第三季第八集登场美食。,,"客家盆菜",,维基百科《舌尖上的中国》,https://zh.wikipedia.org/wiki/舌尖上的中国,listed,medium
s4e1-red-claw-crab,4,1,绝活,红钳蟹,浙江省,宁波市,宁波滩涂,海鲜,第四季第一集媒体报道点名的食物线索。,,"红钳蟹",,中国日报中文网,https://column.chinadaily.com.cn/a/202502/14/WS67aeae39a310ff9bbd9f3213.html,mentioned,medium
s4e1-jellyfish,4,1,绝活,海蜇,广西壮族自治区,钦州市,钦州海边,海鲜,第四季第一集媒体报道点名的海产处理绝活。,,"海蜇",,中国日报中文网,https://column.chinadaily.com.cn/a/202502/14/WS67aeae39a310ff9bbd9f3213.html,mentioned,high
s4e1-dalu-shaobing,4,1,绝活,大炉烧饼,江苏省,泰州市,泰州,小吃,第四季第一集媒体报道点名的三百余年烧饼手艺。,,"大炉烧饼",,中国日报中文网,https://column.chinadaily.com.cn/a/202502/14/WS67aeae39a310ff9bbd9f3213.html,mentioned,high
s4e1-whole-fish,4,1,绝活,全鱼整吃,台湾省,台南市,台南,菜肴,第四季第一集媒体报道点名的全鱼料理线索。,,"全鱼整吃",,中国日报中文网,https://column.chinadaily.com.cn/a/202502/14/WS67aeae39a310ff9bbd9f3213.html,mentioned,high
s4e5-xikou-goose,4,5,风物,溪口卤鹅,浙江省,宁波市,溪口,卤味,第四季第五集视频标题点名的县城风物美食。,,"溪口卤鹅",,YouTube CCTV纪录标题,https://www.youtube.com/watch?v=jKZQgZTkLMw,mentioned,high
s4e5-steamed-taro,4,5,风物,粉蒸芋头,湖北省,仙桃市,仙桃,菜肴,第四季第五集视频标题点名的县城风物美食。,,"粉蒸芋头",,YouTube CCTV纪录标题,https://www.youtube.com/watch?v=jKZQgZTkLMw,mentioned,medium
s4e5-grilled-king-crab,4,5,风物,炭烤帝王蟹,,,未明确,海鲜,第四季第五集视频标题点名的县城风物美食。,,"炭烤帝王蟹",,YouTube CCTV纪录标题,https://www.youtube.com/watch?v=jKZQgZTkLMw,mentioned,low
s4e6-lahu-chicken,4,6,洞天,拉祜鸡,云南省,,拉祜族地区,菜肴,第四季第六集央视简介点名的美食。,,"拉祜鸡",,央视网第四季第6集,https://tv.cctv.com/2025/02/08/VIDENyoDhD86mtl7aS5524BO250208.shtml,official-mentioned,medium
s4e6-fishball-soup,4,6,洞天,鱼圆汤,湖北省,,湖北,汤羹,第四季第六集央视简介点名的美食。,,"鱼圆汤",,央视网第四季第6集,https://tv.cctv.com/2025/02/08/VIDENyoDhD86mtl7aS5524BO250208.shtml,official-mentioned,medium
s4e6-braised-eel,4,6,洞天,红烧鳗鱼,浙江省,,江南,菜肴,第四季第六集央视简介点名的美食。,,"红烧鳗鱼",,央视网第四季第6集,https://tv.cctv.com/2025/02/08/VIDENyoDhD86mtl7aS5524BO250208.shtml,official-mentioned,low
s4e6-cigu-pork,4,6,洞天,慈姑烧肉,江苏省,,江南,菜肴,第四季第六集央视简介点名的美食。,,"慈姑烧肉",,央视网第四季第6集,https://tv.cctv.com/2025/02/08/VIDENyoDhD86mtl7aS5524BO250208.shtml,official-mentioned,low
s4e6-songgao-ba,4,6,洞天,松糕粑,贵州省,,贵州,点心,第四季第六集央视简介点名的美食。,,"松糕粑",,央视网第四季第6集,https://tv.cctv.com/2025/02/08/VIDENyoDhD86mtl7aS5524BO250208.shtml,official-mentioned,low
s4e6-longchuanding,4,6,洞天,龙船丁,广东省,,岭南,菜肴,第四季第六集央视简介点名的美食。,,"龙船丁",,央视网第四季第6集,https://tv.cctv.com/2025/02/08/VIDENyoDhD86mtl7aS5524BO250208.shtml,official-mentioned,low
s4e6-milk-tofu,4,6,洞天,奶豆腐,内蒙古自治区,,内蒙古,乳制品,第四季第六集央视简介点名的美食。,,"奶豆腐",,央视网第四季第6集,https://tv.cctv.com/2025/02/08/VIDENyoDhD86mtl7aS5524BO250208.shtml,official-mentioned,medium
